{"cameraMode":{"drawMode":0,"name":"Shaded","section":"Shading Mode"},"sceneLighting":true,"audioPlay":false,"sceneViewState":{"showFog":false,"showMaterialUpdate":false,"showSkybox":false,"showFlares":false,"showImageEffects":false,"showParticleSystems":false},"in2DMode":false,"pivot":{"x":-0.20000076293945313,"y":-1.4284999370574952,"z":62.900001525878909},"rotation":{"x":-0.3041064739227295,"y":0.0008559880661778152,"z":-0.00027322189998812973,"w":-0.9526376128196716},"size":181.86624145507813,"orthographic":false}