{"cameraMode":{"drawMode":0,"name":"Shaded","section":"Shading Mode"},"sceneLighting":false,"audioPlay":false,"sceneViewState":{"showFog":true,"showMaterialUpdate":false,"showSkybox":true,"showFlares":true,"showImageEffects":true,"showParticleSystems":true},"in2DMode":false,"pivot":{"x":0.057857513427734378,"y":-1.0380686521530152,"z":-5.206210613250732},"rotation":{"x":0.06805694848299027,"y":-0.2240198850631714,"z":0.0156839769333601,"w":0.9720789194107056},"size":2.8578836917877199,"orthographic":true}